Datetime,校史館,舊總圖,農化二館暨行政大樓,大門口警衛室,職涯中心,學生心理輔導中心,行政大樓教務處資訊室,保管組倉庫,行政大樓前棟,行政大樓後棟,教學二期大樓(不含圖書館書庫),圖書館書庫,鄭江樓南棟6樓保管組(不含公共),鄭江樓南棟7樓保管組(不含公共),計資中心,行政大樓(水源)
2026-01-01 00:00:00,1.23,9.21,27.0,1.79,0.1,0.05,16.69,,3.14,29.79,20.13,67.41,,,366.82,
2026-01-01 01:00:00,1.21,9.45,27.19,1.84,0.09,0.05,17.77,,3.34,30.83,20.54,67.45,,,367.07,
2026-01-01 02:00:00,1.23,8.05,26.63,1.79,0.07,0.06,16.71,,3.4,29.45,21.08,67.4,,,366.51,
2026-01-01 03:00:00,1.3,9.27,26.62,1.79,0.09,0.05,17.08,,3.45,30.02,19.49,67.88,,,365.94,
2026-01-01 04:00:00,1.22,9.23,26.56,1.83,0.08,0.04,17.64,,3.34,30.25,26.18,67.22,,,364.16,
2026-01-01 05:00:00,1.22,9.39,26.5,1.74,0.1,0.05,16.83,,3.65,29.16,22.94,67.77,,,364.18,
2026-01-01 06:00:00,1.22,8.69,26.88,0.75,0.09,0.06,17.84,,3.51,29.1,21.74,70.18,,,362.13,
2026-01-01 07:00:00,1.22,9.14,26.94,0.65,0.08,0.05,16.95,,4.46,27.74,20.76,70.73,,,361.71,
2026-01-01 08:00:00,1.16,9.53,28.18,0.59,0.1,0.04,16.47,,4.27,27.84,22.9,70.43,,,361.67,
2026-01-01 09:00:00,1.15,7.67,28.69,0.61,0.07,0.04,16.35,,4.04,28.37,22.83,70.56,,,360.47,
2026-01-01 10:00:00,1.19,9.11,28.44,0.62,0.08,0.05,16.37,,4.04,28.49,23.32,70.29,,,360.92,
2026-01-01 11:00:00,1.15,8.68,28.0,0.63,0.08,0.04,16.39,,3.97,28.65,22.61,70.7,,,361.65,
2026-01-01 12:00:00,1.1,8.9,28.06,0.61,0.08,0.04,16.44,,3.98,28.58,23.45,70.33,,,360.7,
2026-01-01 13:00:00,1.16,8.39,29.13,0.61,0.08,0.04,16.34,,4.21,28.26,22.85,70.57,,,358.86,
2026-01-01 14:00:00,1.15,9.06,29.25,0.64,0.08,0.05,16.34,,3.98,28.56,23.11,70.24,,,360.24,
2026-01-01 15:00:00,1.16,9.06,29.81,0.57,0.1,0.04,16.29,,3.47,28.59,22.55,70.58,,,360.07,
2026-01-01 16:00:00,1.22,8.77,30.44,0.8,0.07,0.05,16.18,,4.4,28.54,22.57,70.23,,,357.62,
2026-01-01 17:00:00,1.27,10.17,30.18,1.64,0.09,0.05,16.25,,4.84,29.07,20.73,69.15,,,360.01,
2026-01-01 18:00:00,1.23,9.35,29.5,1.75,0.07,0.06,16.14,,4.07,28.31,21.46,67.04,,,357.44,
2026-01-01 19:00:00,1.21,10.18,28.25,1.8,0.1,0.04,16.13,,3.84,28.36,21.17,67.52,,,359.23,
2026-01-01 20:00:00,1.26,9.68,27.63,1.84,0.08,0.05,15.9,,3.63,28.01,20.93,67.21,,,357.75,
2026-01-01 21:00:00,1.21,9.55,27.06,1.76,0.07,0.06,15.9,,3.45,28.02,21.4,67.52,,,357.75,
2026-01-01 22:00:00,1.16,9.15,26.69,1.82,0.09,0.05,15.9,,3.4,27.86,20.24,67.39,,,356.79,
2026-01-01 23:00:00,1.22,9.91,26.37,1.8,0.08,0.04,15.96,,3.12,28.18,20.57,66.97,,,357.05,
2026-01-02 00:00:00,1.22,8.72,26.38,1.8,0.09,0.06,15.86,,3.2,28.98,19.89,67.53,,,357.19,
2026-01-02 01:00:00,1.22,9.5,26.19,1.81,0.09,0.05,15.99,,3.04,28.15,20.42,67.17,,,356.86,
2026-01-02 02:00:00,1.22,9.06,26.5,1.8,0.08,0.05,15.83,,3.03,27.95,20.93,66.97,,,359.43,
2026-01-02 03:00:00,1.21,8.88,25.68,1.8,0.09,0.05,15.92,,3.44,28.88,20.11,67.53,,,357.91,
2026-01-02 04:00:00,1.23,9.35,26.0,1.81,0.09,0.06,15.93,,3.14,28.44,24.85,66.81,,,358.55,
2026-01-02 05:00:00,1.21,8.74,25.75,1.77,0.08,0.04,15.88,,3.77,28.42,22.39,67.94,,,358.18,
2026-01-02 06:00:00,1.26,8.87,26.32,0.75,0.08,0.07,15.71,,3.92,27.48,21.47,69.94,,,356.86,
2026-01-02 07:00:00,1.34,9.46,29.25,0.61,0.08,0.04,15.27,,5.59,33.13,21.82,68.73,,,355.43,
2026-01-02 08:00:00,2.99,10.52,34.62,0.65,0.12,0.63,16.18,,11.64,59.76,26.86,74.66,,,363.56,
2026-01-02 09:00:00,8.35,12.8,35.94,0.63,0.14,0.76,15.82,,13.93,58.53,29.78,78.16,,,363.81,
2026-01-02 10:00:00,8.66,15.28,38.56,0.59,0.29,0.92,15.54,,12.61,57.06,30.31,93.66,,,367.0,
2026-01-02 11:00:00,8.96,15.75,40.56,0.65,0.42,1.05,15.68,,11.98,59.53,29.31,80.84,,,366.44,
2026-01-02 12:00:00,8.66,13.87,36.63,0.63,0.57,1.21,15.69,,11.88,51.15,27.63,93.97,,,365.42,
2026-01-02 13:00:00,8.97,15.75,37.69,0.62,0.54,1.21,15.66,,13.65,54.15,29.52,96.39,,,366.62,
2026-01-02 14:00:00,8.87,17.13,39.37,0.59,0.53,1.15,15.57,,14.58,57.64,28.82,96.09,,,365.04,
2026-01-02 15:00:00,8.98,15.7,40.81,0.64,0.76,1.01,15.65,,14.46,58.11,26.25,95.58,,,366.93,
2026-01-02 16:00:00,8.27,14.81,39.19,0.78,0.12,0.5,15.61,,12.1,54.4,26.71,95.68,,,369.21,
2026-01-02 17:00:00,1.73,11.73,36.63,1.62,0.09,0.05,15.69,,10.31,46.69,24.39,90.46,,,367.67,
2026-01-02 18:00:00,1.15,9.72,33.12,1.82,0.07,0.06,15.65,,7.19,34.04,21.39,89.07,,,363.64,
2026-01-02 19:00:00,1.21,9.47,30.63,1.79,0.1,0.05,15.64,,5.09,31.34,21.09,88.97,,,361.84,
2026-01-02 20:00:00,1.23,9.06,28.12,1.79,0.09,0.05,15.61,,4.06,31.09,22.07,88.39,,,362.41,
2026-01-02 21:00:00,1.15,9.52,26.69,1.8,0.06,0.07,15.67,,3.73,30.15,20.66,89.2,,,360.87,
2026-01-02 22:00:00,1.16,9.22,26.0,1.79,0.09,0.05,15.59,,3.54,27.97,19.74,88.97,,,359.46,
2026-01-02 23:00:00,1.16,9.61,25.31,1.75,0.08,0.05,15.7,,3.43,27.92,19.55,88.88,,,361.43,
2026-01-03 00:00:00,1.18,9.38,24.81,1.8,0.09,0.06,15.7,,3.24,27.67,19.37,89.63,,,361.47,
2026-01-03 01:00:00,1.16,9.11,24.57,1.79,0.07,0.05,15.73,,3.24,27.85,20.19,88.49,,,361.52,
2026-01-03 02:00:00,1.16,9.04,24.87,1.79,0.1,0.05,15.64,,3.4,27.57,19.91,88.97,,,361.25,
2026-01-03 03:00:00,1.15,8.94,24.38,1.79,0.07,0.05,15.84,,3.19,27.79,20.01,88.87,,,361.53,
2026-01-03 04:00:00,1.13,9.03,24.81,1.79,0.09,0.06,15.77,,3.23,28.0,23.87,88.46,,,363.31,
2026-01-03 05:00:00,1.15,8.69,24.5,1.74,0.08,0.05,15.74,,3.3,27.75,22.18,89.77,,,360.74,
2026-01-03 06:00:00,1.16,8.64,24.81,0.75,0.09,0.05,15.7,,3.13,26.59,20.7,91.79,,,361.11,
2026-01-03 07:00:00,1.1,7.82,25.13,0.61,0.09,0.05,15.67,,2.96,27.2,20.98,91.94,,,358.89,
2026-01-03 08:00:00,2.31,8.62,26.06,0.61,0.07,0.05,15.61,,3.33,32.16,23.44,91.93,,,360.89,
2026-01-03 09:00:00,7.77,11.86,26.62,0.62,0.08,0.06,16.81,,3.11,32.9,23.53,92.17,,,357.7,
2026-01-03 10:00:00,7.79,,27.0,0.61,0.08,0.04,16.86,,2.91,33.3,22.75,91.33,,,359.89,
2026-01-03 11:00:00,7.78,,27.94,0.62,0.09,0.05,16.93,,3.32,34.17,24.09,91.35,,,360.38,
2026-01-03 12:00:00,7.53,,28.06,0.61,0.08,0.05,17.58,,2.89,33.51,23.17,91.83,,,362.11,
2026-01-03 13:00:00,7.72,,27.63,0.65,0.06,0.04,17.51,,3.23,34.02,23.15,92.29,,,360.7,
2026-01-03 14:00:00,7.72,,28.56,0.62,0.09,0.05,17.59,,3.02,32.02,23.54,91.84,,,362.48,
2026-01-03 15:00:00,7.78,,27.94,0.61,0.08,0.05,17.62,,3.22,31.85,23.61,91.0,,,361.8,
2026-01-03 16:00:00,7.5,,27.87,0.8,0.1,0.04,17.62,,3.59,30.33,24.01,91.78,,,362.36,
2026-01-03 17:00:00,1.34,,27.75,1.63,0.07,0.05,17.6,,4.05,30.77,21.85,91.1,,,359.44,
2026-01-03 18:00:00,1.16,,27.0,1.75,0.09,0.05,17.58,,3.55,29.98,22.97,87.28,,,361.22,
2026-01-03 19:00:00,1.16,,26.69,1.83,0.07,0.05,17.68,,3.43,29.88,22.15,86.69,,,360.73,
2026-01-03 20:00:00,1.15,,26.5,1.8,0.09,0.06,17.66,,3.62,29.93,22.25,86.84,,,362.34,
2026-01-03 21:00:00,1.16,,26.31,1.75,0.09,0.05,17.59,,3.55,29.64,21.68,87.13,,,359.72,
2026-01-03 22:00:00,1.12,,25.63,1.79,0.07,0.07,17.57,,3.55,29.82,20.55,87.64,,,362.24,
2026-01-03 23:00:00,1.16,,25.0,1.8,0.08,0.05,17.54,,3.39,30.04,20.53,89.13,,,361.09,
2026-01-04 00:00:00,1.16,,25.19,1.77,0.09,0.04,17.71,,3.49,30.61,20.75,88.95,,,362.81,
2026-01-04 01:00:00,1.15,,24.75,1.77,0.09,0.06,17.63,,3.37,30.19,20.26,84.16,,,363.11,
2026-01-04 02:00:00,1.22,,24.62,1.83,0.07,0.05,17.62,,3.34,29.54,21.05,67.46,,,362.21,
2026-01-04 03:00:00,1.13,,25.13,1.78,0.09,0.05,17.48,,3.29,29.47,19.8,67.73,,,360.37,
2026-01-04 04:00:00,1.15,,24.56,1.77,0.07,0.06,16.16,,3.24,28.51,25.46,81.91,,,358.39,
2026-01-04 05:00:00,1.15,,24.5,1.76,0.09,0.05,16.89,,3.38,28.83,22.39,88.75,,,357.3,
2026-01-04 06:00:00,1.17,,24.81,0.76,0.08,0.05,15.85,,3.23,26.54,21.3,92.49,,,356.26,
2026-01-04 07:00:00,1.02,,24.69,0.61,0.1,0.06,17.04,,3.89,27.57,21.14,92.42,,,355.55,
2026-01-04 08:00:00,1.1,,26.31,0.61,0.08,0.04,16.53,,4.19,29.12,24.48,92.3,,,355.02,
2026-01-04 09:00:00,1.09,,26.0,0.63,0.06,0.04,16.51,,4.05,29.58,24.89,93.13,,,357.56,
2026-01-04 10:00:00,1.03,,27.19,0.6,0.09,0.04,16.59,,3.82,29.68,23.76,91.96,,,355.64,
2026-01-04 11:00:00,1.1,,27.87,0.64,0.07,0.04,16.54,,4.02,29.72,24.11,91.06,,,358.23,
2026-01-04 12:00:00,1.03,,28.82,0.64,0.06,0.04,16.45,,4.08,30.44,23.8,91.47,,,359.39,
2026-01-04 13:00:00,1.03,,28.93,0.57,0.09,0.04,16.45,,4.36,31.23,23.41,91.1,,,358.8,
2026-01-04 14:00:00,1.1,,30.94,0.64,0.07,0.04,16.4,,3.93,31.9,24.05,91.07,,,363.31,
2026-01-04 15:00:00,1.09,,31.0,0.61,0.08,0.04,16.34,,3.77,31.34,22.65,92.25,,,363.72,
2026-01-04 16:00:00,1.1,,30.19,0.75,0.07,0.04,16.43,,3.71,31.03,22.12,90.37,,,363.35,
2026-01-04 17:00:00,1.21,,30.75,1.61,0.07,0.04,16.42,,3.77,31.08,22.22,89.43,,,361.03,
2026-01-04 18:00:00,1.09,,30.25,1.84,0.08,0.04,16.39,,3.74,29.48,22.36,88.24,,,361.03,
2026-01-04 19:00:00,1.2,,29.56,1.76,0.1,0.07,16.2,,3.68,28.74,21.41,88.2,,,360.41,
2026-01-04 20:00:00,1.15,,28.56,1.79,0.07,0.05,16.22,,3.57,28.66,20.85,88.79,,,360.6,
2026-01-04 21:00:00,1.21,,27.69,1.79,0.1,0.07,16.18,,3.53,29.01,20.69,88.28,,,360.6,
2026-01-04 22:00:00,1.17,,27.25,1.77,0.1,0.06,16.15,,3.63,29.26,20.54,72.76,,,358.28,
2026-01-04 23:00:00,1.15,,26.5,1.79,0.08,0.06,16.64,,3.53,28.95,20.81,67.35,,,360.19,
2026-01-05 00:00:00,1.21,,25.81,1.82,0.09,0.05,15.95,,3.45,29.01,20.08,67.43,,,360.15,5.31
2026-01-05 01:00:00,1.17,,25.32,1.78,0.09,0.06,15.97,,3.54,29.36,20.64,67.14,,,358.07,5.65
2026-01-05 02:00:00,1.12,,25.18,1.77,0.08,0.06,15.86,,3.37,28.33,21.02,67.36,,,357.59,5.41
2026-01-05 03:00:00,1.15,,25.19,1.8,0.11,0.06,15.87,,3.42,28.09,20.74,67.47,,,357.14,5.54
2026-01-05 04:00:00,1.16,,25.19,1.81,0.08,0.06,15.91,,3.51,28.14,24.55,62.5,,,355.61,5.52
2026-01-05 05:00:00,1.16,,24.87,1.71,0.09,0.05,15.81,,4.02,28.54,23.1,67.66,,,354.58,5.35
2026-01-05 06:00:00,1.16,,26.25,0.79,0.09,0.05,15.73,,4.41,24.95,22.31,70.05,,,354.04,4.9
2026-01-05 07:00:00,1.15,,29.44,0.6,0.09,0.06,15.32,,4.47,31.82,22.92,75.19,,,354.54,4.44
2026-01-05 08:00:00,2.06,,34.63,0.6,0.11,0.63,16.16,,10.29,58.85,28.01,82.81,,,363.06,4.35
2026-01-05 09:00:00,2.35,,35.31,0.65,0.11,0.74,16.26,,12.17,61.28,28.46,95.33,,,363.59,4.78
2026-01-05 10:00:00,2.28,,37.44,0.63,0.23,0.81,16.13,,12.52,57.89,28.26,96.97,,,368.21,5.41
2026-01-05 11:00:00,2.34,,39.68,0.57,0.14,0.78,16.2,,12.07,61.29,28.96,76.2,,,372.03,5.59
2026-01-05 12:00:00,1.78,,36.88,0.65,0.11,0.77,16.2,,12.67,51.13,29.56,74.89,,,369.03,5.0
2026-01-05 13:00:00,2.29,,37.25,0.64,0.13,0.78,16.3,,13.24,53.45,29.7,95.39,,,369.72,4.65
2026-01-05 14:00:00,2.18,,40.69,0.59,0.35,0.87,16.34,,13.49,57.67,30.13,95.63,,,371.29,6.69
2026-01-05 15:00:00,2.35,,41.25,0.62,0.22,0.46,16.18,,12.65,56.26,29.21,95.56,,,370.93,7.28
2026-01-05 16:00:00,2.21,,40.87,0.76,0.08,0.08,16.26,,13.68,55.79,28.11,74.44,,,373.15,6.82
2026-01-05 17:00:00,1.91,,38.69,1.61,0.09,0.05,16.08,,11.49,48.73,24.67,69.07,,,370.77,7.31
2026-01-05 18:00:00,1.09,,35.56,1.83,0.08,0.06,15.96,,6.46,37.39,23.06,67.6,,,367.0,6.78
2026-01-05 19:00:00,1.22,,33.56,1.8,0.09,0.05,16.05,,5.0,33.58,22.06,67.46,,,363.86,6.07
2026-01-05 20:00:00,1.16,8.77,31.07,1.75,0.08,0.05,15.93,,4.79,31.43,24.95,66.97,,,363.01,6.08
2026-01-05 21:00:00,1.15,8.61,29.31,1.8,0.09,0.05,15.91,,4.37,32.97,23.02,67.43,,,361.06,6.1
2026-01-05 22:00:00,1.17,8.48,28.62,1.77,0.07,0.06,15.88,,4.63,29.85,20.11,67.01,,,360.72,6.22
2026-01-05 23:00:00,1.15,8.91,27.0,1.7,0.08,0.05,15.91,,3.38,28.92,20.37,67.51,,,361.21,6.44
2026-01-06 00:00:00,1.09,8.34,26.5,1.75,0.08,0.05,15.9,,3.26,28.71,19.74,67.46,,,362.01,5.37
2026-01-06 01:00:00,1.19,8.19,26.44,1.74,0.09,0.05,16.01,,3.2,28.78,19.44,86.88,,,360.8,5.79
2026-01-06 02:00:00,1.09,8.82,26.38,1.73,0.07,0.05,16.08,,3.06,28.67,20.03,88.15,,,361.75,5.4
2026-01-06 03:00:00,1.16,8.63,26.0,1.73,0.09,0.06,16.11,,3.27,29.06,20.36,88.91,,,360.61,5.5
2026-01-06 04:00:00,1.09,8.23,26.06,1.76,0.08,0.05,16.0,,3.07,29.3,24.27,89.26,,,362.5,5.53
2026-01-06 05:00:00,1.16,8.93,26.0,1.68,0.08,0.05,16.03,,3.92,29.4,22.79,89.12,,,360.98,5.56
2026-01-06 06:00:00,1.1,8.26,26.75,0.74,0.09,0.06,16.02,,3.72,27.84,21.31,91.72,,,359.13,4.78
2026-01-06 07:00:00,1.15,8.33,30.37,0.65,0.08,0.05,15.96,,5.0,33.02,24.01,92.5,,,358.06,4.63
2026-01-06 08:00:00,2.94,9.81,35.69,0.6,0.12,0.54,16.4,,11.73,58.1,33.8,94.13,,,367.45,4.4
2026-01-06 09:00:00,8.59,13.15,36.69,0.6,0.14,0.7,17.6,,15.91,61.47,41.83,90.13,,,368.5,3.91
2026-01-06 10:00:00,8.47,15.49,38.94,0.64,0.17,0.61,17.6,,16.71,60.42,43.61,73.07,,,368.32,4.04
2026-01-06 11:00:00,8.65,17.78,40.37,0.64,0.33,0.74,17.68,,16.63,62.74,42.39,73.39,,,370.56,5.03
2026-01-06 12:00:00,8.1,13.66,37.69,0.57,0.14,0.55,17.61,,17.22,57.37,40.9,73.04,,,369.69,4.9
2026-01-06 13:00:00,8.57,15.87,40.25,0.65,0.34,0.72,17.21,,17.53,57.31,43.84,73.59,,,372.04,5.37
2026-01-06 14:00:00,8.46,16.05,42.75,0.6,0.43,0.73,15.63,,16.26,59.91,41.91,73.66,,,372.63,5.22
2026-01-06 15:00:00,8.72,14.97,41.81,0.6,0.65,0.52,16.8,,16.21,61.84,41.55,73.65,,,372.92,5.13
2026-01-06 16:00:00,8.53,14.94,40.88,0.76,0.29,0.27,15.7,,19.83,58.47,35.12,68.01,,,373.2,5.43
2026-01-06 17:00:00,2.1,14.21,38.43,1.64,0.08,0.06,16.59,,15.88,49.39,25.94,78.42,,,371.11,5.75
2026-01-06 18:00:00,1.15,9.88,35.13,1.8,0.09,0.05,15.63,,6.72,35.23,23.91,88.26,,,365.55,6.04
2026-01-06 19:00:00,1.1,9.04,31.69,1.79,0.07,0.06,16.56,,5.11,34.35,22.31,88.88,,,363.14,6.25
2026-01-06 20:00:00,1.09,8.5,30.12,1.79,0.09,0.05,15.61,,4.84,32.11,20.95,89.2,,,363.69,7.03
2026-01-06 21:00:00,1.09,9.45,28.56,1.8,0.07,0.05,16.5,,3.71,31.9,20.86,88.49,,,361.84,6.28
2026-01-06 22:00:00,1.1,7.98,26.25,1.78,0.08,0.05,15.75,,3.63,28.41,19.78,87.66,,,360.42,5.94
2026-01-06 23:00:00,1.15,8.85,25.94,1.79,0.09,0.06,16.53,,3.53,29.37,19.38,86.32,,,359.61,5.96
2026-01-07 00:00:00,1.09,8.2,25.13,1.78,0.07,0.05,15.85,,3.19,28.53,20.48,88.26,,,359.91,5.2
2026-01-07 01:00:00,1.07,8.53,25.37,1.8,0.09,0.05,15.91,,3.36,28.37,20.03,87.49,,,359.83,5.37
2026-01-07 02:00:00,1.06,8.34,25.56,1.8,0.09,0.06,16.79,,3.18,29.09,19.23,88.5,,,358.78,5.28
2026-01-07 03:00:00,1.15,8.45,25.32,1.81,0.09,0.06,15.77,,3.45,28.91,19.76,88.68,,,359.75,5.38
2026-01-07 04:00:00,1.07,8.23,25.0,1.77,0.07,0.05,16.78,,3.3,29.81,25.15,87.91,,,357.76,5.46
2026-01-07 05:00:00,1.09,8.7,25.25,1.73,0.08,0.05,15.47,,3.52,27.63,21.66,89.6,,,357.66,5.41
2026-01-07 06:00:00,1.13,7.45,25.87,0.79,0.09,0.06,16.52,,3.61,28.35,20.96,91.11,,,355.69,4.78
2026-01-07 07:00:00,1.03,7.57,29.06,0.56,0.07,0.05,16.17,,5.69,35.12,24.27,92.14,,,355.92,4.47
2026-01-07 08:00:00,3.78,9.06,34.82,0.64,0.61,1.1,15.8,,10.84,58.61,34.66,93.36,,,363.06,4.16
2026-01-07 09:00:00,8.53,12.91,35.87,0.64,0.41,0.9,15.8,,14.61,59.14,37.4,96.41,,,362.97,4.46
2026-01-07 10:00:00,8.25,15.47,39.94,0.59,0.68,0.86,15.81,,16.83,60.67,35.09,93.99,,,366.22,5.44
2026-01-07 11:00:00,8.47,15.21,40.25,0.61,0.49,0.74,15.67,,16.06,62.12,37.29,92.26,,,367.69,6.09
2026-01-07 12:00:00,8.16,12.02,37.37,0.65,0.12,0.52,15.81,,15.48,53.49,31.52,89.19,,,366.43,5.79
2026-01-07 13:00:00,8.34,14.34,39.07,0.56,0.14,0.53,15.73,,17.52,55.93,35.32,87.52,,,367.35,5.21
2026-01-07 14:00:00,8.44,14.34,40.0,0.64,0.36,0.7,15.79,,15.12,58.97,35.9,87.13,,,368.81,5.35
2026-01-07 15:00:00,8.34,13.54,41.0,0.62,0.46,0.79,15.79,,14.35,59.22,35.86,87.42,,,370.25,6.09
2026-01-07 16:00:00,8.16,13.89,40.06,0.71,0.19,0.47,15.72,,15.13,58.05,31.02,86.44,,,368.05,5.54
2026-01-07 17:00:00,2.18,13.97,39.44,1.67,0.08,0.06,15.78,,13.59,48.06,25.79,81.92,,,362.03,6.84
2026-01-07 18:00:00,1.63,10.91,35.68,1.8,0.09,0.06,15.68,,7.96,34.67,22.19,80.5,,,358.22,6.34
2026-01-07 19:00:00,1.6,9.31,33.0,1.77,0.07,0.06,15.84,,5.67,32.46,21.05,82.26,,,357.2,6.32
2026-01-07 20:00:00,1.18,8.71,30.82,1.77,0.09,0.06,15.79,,5.4,31.24,24.38,84.01,,,355.45,6.21
2026-01-07 21:00:00,1.1,8.75,29.25,1.8,0.09,0.06,15.74,,4.48,29.03,22.98,87.12,,,356.13,6.37
2026-01-07 22:00:00,1.03,8.28,28.25,1.78,0.07,0.06,15.78,,5.08,28.54,20.04,89.02,,,354.78,6.2
2026-01-07 23:00:00,1.06,,27.81,1.76,0.09,0.06,15.27,,3.79,28.5,19.27,89.48,,,354.75,6.34
2026-01-08 00:00:00,1.03,,27.06,1.8,0.07,0.07,15.9,,3.29,29.26,19.34,87.88,,,355.61,5.56
2026-01-08 01:00:00,1.04,,26.94,1.78,0.09,0.06,15.72,,3.43,29.29,19.06,87.41,,,354.44,5.62
2026-01-08 02:00:00,1.03,,26.12,1.76,0.08,0.06,15.76,,3.35,28.53,20.39,87.6,,,355.47,5.7
2026-01-08 03:00:00,1.06,,26.13,1.8,0.09,0.06,15.92,,3.5,28.86,19.44,88.28,,,354.29,5.71
2026-01-08 04:00:00,1.03,,26.06,1.79,0.07,0.06,15.82,,3.29,28.95,24.17,89.02,,,353.36,5.6
2026-01-08 05:00:00,1.06,,25.63,1.72,0.1,0.05,15.82,,3.73,27.99,21.94,89.17,,,354.03,5.71
2026-01-08 06:00:00,1.03,,26.81,0.77,0.07,0.06,15.77,,3.65,27.98,22.0,91.54,,,351.32,5.13
2026-01-08 07:00:00,1.19,,30.0,0.63,0.08,0.06,15.55,,5.76,34.65,23.69,91.83,,,351.84,4.69
2026-01-08 08:00:00,4.0,,35.06,0.6,0.09,0.62,15.91,,12.58,59.9,35.48,94.2,,,358.48,
2026-01-08 09:00:00,8.41,,37.31,0.61,0.08,0.67,16.26,,16.63,57.93,42.85,97.02,,,361.21,
2026-01-08 10:00:00,8.33,,41.0,0.63,0.27,0.66,15.91,,18.63,56.35,45.68,96.35,,,364.37,
2026-01-08 11:00:00,8.45,,42.44,0.57,0.24,0.67,15.99,,18.63,59.92,45.05,94.81,,,363.19,
2026-01-08 12:00:00,8.06,,38.94,0.64,0.1,0.66,15.97,,14.71,53.86,36.61,92.93,,,362.75,
2026-01-08 13:00:00,8.24,,39.87,0.63,0.28,0.83,15.81,,15.33,56.49,37.24,89.55,,,364.23,
2026-01-08 14:00:00,8.26,,40.88,0.57,0.79,0.95,15.77,,18.68,60.43,36.38,87.09,,,366.49,
2026-01-08 15:00:00,8.31,,41.06,0.63,0.82,0.91,15.88,,17.97,58.77,34.08,87.83,,,366.04,
2026-01-08 16:00:00,7.69,,40.88,0.77,0.81,0.89,15.86,,17.94,57.68,30.34,86.3,,,369.07,
2026-01-08 17:00:00,1.93,,39.31,1.61,0.76,0.74,15.81,,14.17,49.16,27.92,82.59,,,365.04,
2026-01-08 18:00:00,1.26,,33.69,1.77,0.73,0.76,15.65,,6.25,36.65,23.92,80.32,,,359.13,
2026-01-08 19:00:00,1.15,,31.75,1.8,0.75,0.77,15.52,,5.3,31.67,21.84,80.35,,,360.44,
2026-01-08 20:00:00,1.19,,29.87,1.8,0.7,0.7,15.63,,5.17,31.11,22.34,80.31,,,358.92,
2026-01-08 21:00:00,1.15,,29.25,1.77,0.76,0.79,15.5,,4.08,29.61,21.59,80.32,,,358.36,
2026-01-08 22:00:00,1.1,,28.13,1.79,0.78,0.78,15.55,,3.53,28.71,20.47,80.31,,,355.29,
2026-01-08 23:00:00,1.19,,27.37,1.78,0.77,0.8,15.51,,3.45,28.98,20.37,80.2,,,355.55,
2026-01-09 00:00:00,1.09,,26.31,1.74,0.79,0.8,15.65,,3.26,29.24,20.4,80.31,,,355.66,
2026-01-09 01:00:00,1.16,,26.19,1.82,0.78,0.8,15.53,,3.41,29.07,19.16,80.22,,,356.34,
2026-01-09 02:00:00,1.09,,25.88,1.79,0.79,0.8,15.58,,3.22,28.3,20.34,80.16,,,354.77,
2026-01-09 03:00:00,1.16,,25.75,1.75,0.73,0.77,15.53,,3.45,28.64,19.72,79.79,,,354.12,
2026-01-09 04:00:00,1.15,,25.62,1.82,0.82,0.83,15.61,,3.26,28.93,24.92,79.63,,,352.14,
2026-01-09 05:00:00,1.25,,25.56,1.73,0.8,0.81,15.54,,2.96,25.83,21.76,80.2,,,353.57,
2026-01-09 06:00:00,1.1,,26.44,0.75,0.74,0.75,15.55,,3.33,25.32,20.89,82.61,,,349.07,
2026-01-09 07:00:00,1.16,,29.19,0.63,0.74,0.77,15.72,,7.94,34.33,23.17,82.84,,,351.18,
2026-01-09 08:00:00,3.55,,36.0,0.62,0.77,1.11,15.37,,12.99,59.95,31.03,84.85,,,358.09,
2026-01-09 09:00:00,8.85,,38.25,0.6,0.77,1.23,16.15,,19.02,59.07,32.25,87.81,,,358.7,
2026-01-09 10:00:00,8.65,,42.37,0.59,0.79,1.21,16.73,,19.85,58.9,30.93,87.29,,,360.8,
2026-01-09 11:00:00,8.79,,41.0,0.64,0.75,1.09,16.7,,18.06,63.72,30.23,87.05,,,361.67,
2026-01-09 12:00:00,8.25,,38.75,0.62,0.74,1.01,16.56,,16.04,52.41,31.34,88.49,,,360.45,
2026-01-09 13:00:00,8.59,,39.88,0.58,0.53,0.8,16.5,,18.27,55.37,33.05,87.01,,,341.86,
2026-01-09 14:00:00,8.53,,41.5,0.64,0.29,0.51,17.0,,18.34,58.41,34.55,88.3,,,341.24,
2026-01-09 15:00:00,8.62,,42.56,0.95,0.3,0.4,16.18,,16.88,56.71,30.73,88.7,,,348.94,
2026-01-09 16:00:00,8.16,,41.06,2.02,0.11,0.16,15.63,,16.3,55.71,27.85,87.27,,,364.29,
2026-01-09 17:00:00,1.63,,38.38,2.61,0.09,0.05,16.88,,12.34,49.7,24.77,82.24,,,359.49,
2026-01-09 18:00:00,0.99,,33.81,1.78,0.07,0.06,17.01,,6.23,37.5,21.73,80.38,,,356.11,
2026-01-09 19:00:00,1.07,,30.25,1.8,0.09,0.06,15.56,,5.18,33.49,21.76,80.56,,,353.7,
2026-01-09 20:00:00,1.03,,29.0,1.79,0.08,0.06,16.39,,4.11,31.57,21.08,80.1,,,354.66,
2026-01-09 21:00:00,1.06,,28.0,1.78,0.11,0.06,15.5,,3.67,29.14,21.18,79.95,,,352.84,
2026-01-09 22:00:00,1.06,,27.38,1.74,0.06,0.05,16.06,,3.38,29.67,20.11,79.91,,,354.17,
2026-01-09 23:00:00,1.03,,26.68,1.79,0.09,0.06,16.07,,3.22,28.82,19.56,80.48,,,353.06,
2026-01-10 00:00:00,1.04,,25.88,1.78,0.09,0.05,15.52,,3.08,27.84,19.48,83.18,,,352.77,
2026-01-10 01:00:00,1.03,,26.0,1.77,0.08,0.05,16.41,,3.01,28.95,19.41,87.37,,,351.25,
2026-01-10 02:00:00,1.0,,26.06,1.79,0.08,0.07,15.47,,3.1,28.06,20.05,87.43,,,353.55,
2026-01-10 03:00:00,1.03,,26.06,1.79,0.09,0.05,16.18,,3.01,27.94,19.29,87.58,,,353.93,
2026-01-10 04:00:00,1.03,,25.88,1.76,0.08,0.05,15.65,,3.1,27.76,24.63,88.71,,,355.22,
2026-01-10 05:00:00,1.03,,25.44,1.76,0.09,0.06,15.91,,2.82,28.07,21.54,88.08,,,353.08,
2026-01-10 06:00:00,0.97,,26.37,0.76,0.08,0.06,16.08,,2.56,26.59,21.07,90.66,,,351.61,
2026-01-10 07:00:00,0.94,,26.25,0.56,0.09,0.05,16.02,,3.07,26.49,22.31,91.3,,,351.03,
2026-01-10 08:00:00,2.6,,26.94,0.63,0.08,0.05,16.13,,3.07,27.11,27.55,91.32,,,350.66,
2026-01-10 09:00:00,7.4,,27.44,0.62,0.08,0.05,16.3,,2.74,28.62,27.24,91.4,,,350.61,
2026-01-10 10:00:00,7.37,,27.87,0.56,0.08,0.04,16.34,,2.58,28.63,26.25,92.04,,,352.48,
2026-01-10 11:00:00,7.5,,28.5,0.63,0.06,0.05,16.36,,2.82,28.95,27.48,91.73,,,353.13,
2026-01-10 12:00:00,7.13,,28.94,0.62,0.07,0.04,16.44,,3.1,29.1,23.79,90.98,,,353.26,
2026-01-10 13:00:00,7.41,,29.37,0.6,0.07,0.04,16.28,,3.52,29.39,22.51,91.95,,,352.49,
2026-01-10 14:00:00,7.37,,29.63,0.59,0.08,0.04,16.39,,3.62,30.04,22.01,91.45,,,350.87,
2026-01-10 15:00:00,7.51,,29.19,0.65,0.07,0.04,16.25,,3.71,30.36,22.74,92.04,,,353.24,
2026-01-10 16:00:00,7.31,,29.68,0.69,0.07,0.03,16.3,,3.2,29.1,22.77,91.52,,,355.0,
2026-01-10 17:00:00,1.49,,29.07,1.64,0.1,0.06,16.21,,3.61,28.98,21.33,90.69,,,351.45,
2026-01-10 18:00:00,1.13,,28.12,1.8,0.07,0.04,16.13,,4.26,30.19,21.35,87.91,,,351.95,
2026-01-10 19:00:00,1.19,,27.81,1.76,0.09,0.06,16.24,,4.1,29.06,20.82,89.06,,,351.63,
2026-01-10 20:00:00,1.12,,27.57,1.78,0.07,0.05,16.18,,3.93,29.18,21.76,88.54,,,352.73,
2026-01-10 21:00:00,1.13,,27.06,1.79,0.09,0.05,16.14,,3.83,29.69,20.1,88.7,,,351.06,
2026-01-10 22:00:00,1.12,,26.37,1.77,0.08,0.06,16.11,,3.77,29.05,19.69,88.93,,,353.61,
2026-01-10 23:00:00,,,26.32,1.78,0.07,0.05,16.17,,3.63,28.4,19.78,88.49,,,351.86,
2026-01-11 00:00:00,,,25.81,1.77,0.09,0.05,16.41,,3.6,29.23,19.18,89.13,,,354.0,
2026-01-11 01:00:00,,,25.56,1.77,0.07,0.05,16.27,,3.71,28.76,20.02,88.45,,,355.64,
2026-01-11 02:00:00,,,25.63,1.77,0.09,0.06,16.24,,3.51,28.32,20.13,89.11,,,353.71,
2026-01-11 03:00:00,,,25.87,1.8,0.08,0.05,16.2,,3.37,28.22,19.64,88.47,,,353.34,
2026-01-11 04:00:00,,,25.31,1.78,0.09,0.06,16.05,,3.48,28.34,23.79,88.96,,,352.06,
2026-01-11 05:00:00,,,25.82,1.72,0.08,0.04,16.0,,3.27,27.84,22.46,88.98,,,354.49,
2026-01-11 06:00:00,,,25.81,0.77,0.08,0.06,16.09,,2.97,26.62,22.84,92.18,,,352.72,
2026-01-11 07:00:00,,,25.75,0.61,0.09,0.05,15.85,,3.83,26.51,25.86,91.89,,,353.73,
2026-01-11 08:00:00,,,26.37,0.56,0.09,0.05,15.88,,4.0,27.72,29.88,91.95,,,350.98,
2026-01-11 09:00:00,,,26.25,0.64,0.07,0.04,17.3,,3.83,29.08,30.39,92.12,,,352.66,
2026-01-11 10:00:00,,,27.13,0.61,0.08,0.05,15.97,,3.88,29.02,29.18,92.64,,,351.31,
2026-01-11 11:00:00,,,26.62,0.6,0.07,0.04,16.09,,3.76,29.67,27.51,92.2,,,355.24,
2026-01-11 12:00:00,,,28.13,0.6,0.08,0.05,16.08,,3.97,29.17,27.5,92.73,,,353.4,
2026-01-11 13:00:00,,,27.5,0.61,0.1,0.05,16.1,,3.45,30.16,26.19,89.94,,,354.72,14.68
2026-01-11 14:00:00,,,28.0,0.6,0.07,0.05,16.07,,3.34,30.16,28.19,87.55,,,353.89,5.06
2026-01-11 15:00:00,,,28.12,0.61,0.08,0.04,16.03,,3.49,30.71,30.64,83.67,,,352.85,5.35
2026-01-11 16:00:00,,,27.94,0.76,0.09,0.05,15.98,,3.18,29.17,27.37,82.68,,,354.34,6.09
2026-01-11 17:00:00,,,27.5,1.6,0.08,0.05,16.03,,3.29,28.43,23.71,82.09,,,353.53,6.41
2026-01-11 18:00:00,,,27.25,1.79,0.07,0.05,16.25,,3.68,29.52,21.65,79.91,,,350.42,6.28
2026-01-11 19:00:00,,,27.06,1.82,0.09,0.06,16.01,,3.7,28.82,21.3,79.72,,,352.41,6.0
2026-01-11 20:00:00,,,26.69,1.77,0.07,0.05,15.95,,3.61,28.4,21.99,79.86,,,351.84,6.28
2026-01-11 21:00:00,,,26.0,1.78,0.09,0.04,15.8,,3.57,29.03,20.61,79.85,,,352.78,6.38
2026-01-11 22:00:00,,,26.06,1.79,0.09,0.05,15.91,,3.51,28.64,20.09,79.41,,,351.52,7.78
2026-01-11 23:00:00,,,26.32,1.78,0.07,0.06,15.84,,3.73,28.49,20.89,79.42,,,355.34,5.0
2026-01-12 00:00:00,,,25.81,1.77,0.09,0.06,15.91,,3.51,28.56,20.76,79.75,,,355.0,5.97
2026-01-12 01:00:00,,,25.19,1.79,0.07,0.05,15.87,,3.55,28.83,20.63,79.92,,,355.3,5.44
2026-01-12 02:00:00,,,25.25,1.78,0.08,0.05,15.83,,3.48,28.46,20.6,80.35,,,354.11,5.53
2026-01-12 03:00:00,,,25.06,1.8,0.09,0.05,16.01,,3.6,28.29,19.93,79.72,,,352.69,5.62
2026-01-12 04:00:00,,,25.06,1.79,0.09,0.06,16.0,,3.48,28.58,25.07,80.26,,,352.72,5.41
2026-01-12 05:00:00,,,24.94,1.76,0.07,0.05,15.92,,3.72,27.35,22.98,80.81,,,351.62,5.53
2026-01-12 06:00:00,,,25.69,0.73,0.09,0.05,15.91,,5.19,27.1,21.96,83.05,,,350.91,5.0
2026-01-12 07:00:00,,,29.37,0.65,0.07,0.05,16.1,,5.46,32.91,25.22,83.41,,,349.75,4.43
2026-01-12 08:00:00,,,34.94,0.6,0.12,0.45,15.67,,13.78,58.81,56.87,77.74,,,359.58,4.35
2026-01-12 09:00:00,,,36.81,0.59,0.14,0.72,16.71,,19.92,63.34,58.21,69.96,,,361.78,4.72
2026-01-12 10:00:00,,,38.81,0.61,0.14,0.7,16.79,,19.28,62.87,60.89,75.51,,,363.51,5.09
2026-01-12 11:00:00,,,39.82,0.64,0.15,0.7,16.96,,21.29,65.18,59.48,69.96,,,364.64,5.75
2026-01-12 12:00:00,,,37.43,0.57,0.12,0.71,17.3,,17.8,56.28,45.93,86.0,,,365.27,4.51
2026-01-12 13:00:00,,,37.94,0.63,0.32,0.9,17.28,,16.72,57.39,47.66,88.97,,,366.84,5.47
2026-01-12 14:00:00,,,42.13,0.62,0.29,0.81,17.3,,15.85,57.77,48.81,95.12,,,367.44,5.9
2026-01-12 15:00:00,,,42.43,0.56,0.63,0.79,17.26,,16.2,57.73,46.37,95.94,,,369.13,4.72
2026-01-12 16:00:00,,,42.32,0.77,0.31,0.47,17.53,,15.68,60.33,45.91,94.55,,,368.79,5.4
2026-01-12 17:00:00,,,38.37,1.63,0.08,0.07,18.4,,11.49,50.75,41.97,90.78,,,368.06,6.25
2026-01-12 18:00:00,,,33.63,1.76,0.1,0.03,16.48,,6.32,37.77,35.37,88.46,,,362.8,6.1
2026-01-12 19:00:00,,,31.81,1.8,0.08,0.06,17.95,,5.21,34.83,25.89,88.86,,,360.03,5.03
2026-01-12 20:00:00,,,30.62,1.8,0.07,0.06,16.58,,4.76,32.33,28.79,68.69,,,359.49,5.46
2026-01-12 21:00:00,,,29.25,1.75,0.09,0.05,16.88,,4.71,32.36,27.52,67.48,,,359.51,5.07
2026-01-12 22:00:00,,,27.82,1.82,0.07,0.05,17.25,,4.97,30.64,24.2,67.34,,,356.69,5.12
2026-01-12 23:00:00,,,26.68,1.8,0.09,0.06,16.71,,3.59,29.65,24.53,62.8,,,357.61,5.53
2026-01-13 00:00:00,,,25.75,1.75,0.09,0.04,17.59,,3.47,30.1,23.98,66.38,,,357.64,5.51
2026-01-13 01:00:00,,,26.13,1.8,0.08,0.07,15.77,,3.58,28.33,23.66,62.95,,,356.97,5.28
2026-01-13 02:00:00,,,26.0,1.79,0.09,0.05,16.8,,3.23,29.63,23.96,67.33,,,356.14,5.4
2026-01-13 03:00:00,,,26.06,1.76,0.07,0.06,15.81,,3.3,28.67,24.51,66.09,,,355.62,5.48
2026-01-13 04:00:00,,,25.94,1.79,0.09,0.05,16.87,,3.58,30.26,28.64,87.56,,,355.29,5.43
2026-01-13 05:00:00,,,26.0,1.77,0.07,0.05,15.6,,3.9,28.88,26.7,88.62,,,353.09,5.41
2026-01-13 06:00:00,,,26.75,0.73,0.09,0.05,16.79,,3.82,29.25,29.14,91.52,,,353.59,4.81
2026-01-13 07:00:00,,,29.94,0.62,0.09,0.05,16.05,,5.65,36.43,57.9,81.18,,,351.89,3.4
2026-01-13 08:00:00,,,36.12,0.64,0.08,0.07,16.14,,13.79,59.79,64.71,73.64,,,362.74,3.63
2026-01-13 09:00:00,,,37.06,0.59,0.15,0.06,16.3,,17.43,59.67,68.01,75.83,,,364.87,3.03
2026-01-13 10:00:00,,,40.13,0.61,0.44,0.17,16.46,,16.96,59.41,71.89,74.44,,,365.43,3.13
2026-01-13 11:00:00,,,41.06,0.62,0.35,0.36,16.47,,17.46,61.72,68.81,75.29,,,367.45,3.25
2026-01-13 12:00:00,,,36.81,0.61,0.11,0.44,16.49,,17.25,54.12,65.87,75.44,,,367.69,2.9
2026-01-13 13:00:00,,,38.07,0.59,0.1,0.66,16.49,,17.38,53.87,66.14,75.09,,,365.92,2.97
2026-01-13 14:00:00,,,42.12,0.65,0.09,0.67,16.58,,14.75,57.48,66.08,75.13,,,371.12,3.16
2026-01-13 15:00:00,,,42.31,0.59,0.18,0.57,16.44,,13.79,58.31,67.23,75.6,,,369.44,3.24
2026-01-13 16:00:00,,,43.25,0.74,0.13,0.42,16.52,,13.58,57.34,60.97,74.59,,,369.86,3.01
2026-01-13 17:00:00,,,40.07,1.64,0.07,0.05,16.36,,12.21,48.5,45.1,79.84,,,366.14,4.56
2026-01-13 18:00:00,,,35.81,1.81,0.09,0.06,16.18,,6.88,36.29,34.84,87.66,,,361.0,5.1
2026-01-13 19:00:00,,,32.25,1.77,0.09,0.05,16.23,,5.46,32.35,26.17,87.67,,,356.06,5.09
2026-01-13 20:00:00,,,30.62,1.79,0.08,0.06,16.13,,5.23,31.1,26.48,85.79,,,353.82,5.65
2026-01-13 21:00:00,,,28.88,1.78,0.07,0.06,16.17,,3.99,30.57,24.91,88.65,,,354.67,4.88
2026-01-13 22:00:00,,,27.44,1.77,0.1,0.04,16.15,,3.85,29.77,23.98,88.36,,,353.61,5.03
2026-01-13 23:00:00,,,27.06,1.8,0.07,0.06,16.26,,3.74,29.42,24.56,88.17,,,356.26,5.47
2026-01-14 00:00:00,,,26.5,1.82,0.08,0.06,16.29,,3.48,29.26,24.68,88.07,,,356.1,5.22
2026-01-14 01:00:00,,,26.5,1.75,0.09,0.04,16.22,,3.49,28.77,23.81,89.13,,,354.9,5.35
2026-01-14 02:00:00,,,26.62,1.8,0.07,0.06,16.25,,3.52,28.89,25.0,89.01,,,356.78,5.24
2026-01-14 03:00:00,,,26.63,1.84,0.09,0.05,16.29,,3.68,29.18,24.09,88.68,,,356.14,5.15
2026-01-14 04:00:00,,,26.56,1.75,0.09,0.05,16.37,,3.36,30.93,29.37,89.0,,,356.97,5.44
2026-01-14 05:00:00,,,26.38,1.76,0.09,0.06,16.24,,4.16,30.12,26.35,88.87,,,354.03,5.19
2026-01-14 06:00:00,,,27.18,0.77,0.07,0.05,16.19,,5.46,29.65,27.68,91.67,,,352.58,4.69
2026-01-14 07:00:00,,,30.13,0.57,0.09,0.05,15.84,,6.1,35.74,58.73,79.13,,,356.05,4.0
2026-01-14 08:00:00,,,35.0,0.63,0.15,0.53,16.3,,9.82,58.64,69.94,73.85,,,363.48,4.06
2026-01-14 09:00:00,,,36.44,0.64,0.38,0.79,17.44,,12.34,61.17,69.34,77.34,,,367.55,3.72
2026-01-14 10:00:00,,,40.81,0.57,0.35,0.65,16.78,,13.08,60.14,72.09,75.39,,,370.55,4.63
2026-01-14 11:00:00,,,40.87,0.61,0.31,0.6,16.63,,15.12,59.84,70.4,74.95,,,370.75,5.87
2026-01-14 12:00:00,,,38.32,0.64,0.29,0.57,16.85,,13.3,50.96,74.03,76.17,,,368.09,4.06
2026-01-14 13:00:00,,,39.43,0.56,0.3,0.59,16.84,,13.59,54.5,79.51,76.37,,,367.66,3.44
2026-01-14 14:00:00,,,42.88,0.65,0.32,0.63,16.85,,12.25,55.98,77.97,76.52,,,372.08,5.29
2026-01-14 15:00:00,,,41.87,0.61,0.26,0.54,16.81,,10.74,56.24,75.39,76.1,,,374.71,5.9
2026-01-14 16:00:00,,,42.44,0.73,0.17,0.43,16.81,,10.11,55.34,71.76,75.6,,,374.6,5.03
2026-01-14 17:00:00,,,39.38,1.64,0.08,0.27,16.71,,9.93,50.34,52.18,85.72,,,375.95,5.09
2026-01-14 18:00:00,,,34.56,1.8,0.07,0.27,16.75,,9.38,36.78,34.42,89.07,,,372.36,5.03
2026-01-14 19:00:00,,,31.5,1.79,0.07,0.27,16.69,,6.25,31.89,26.81,85.61,,,371.47,4.79
2026-01-14 20:00:00,,,29.62,1.79,0.08,0.26,16.57,,5.12,30.76,29.38,88.47,,,371.45,4.27
2026-01-14 21:00:00,,,28.25,1.8,0.07,0.27,16.65,,4.56,30.39,28.0,88.33,,,369.97,4.66
2026-01-14 22:00:00,,,27.69,1.76,0.07,0.26,16.46,,5.31,29.74,24.13,89.72,,,369.14,4.31
2026-01-14 23:00:00,,,27.0,1.79,0.08,0.27,16.73,,3.82,29.86,24.25,89.39,,,369.56,4.79
2026-01-15 00:00:00,,,26.88,1.8,0.07,0.27,16.56,,3.56,30.03,24.9,88.67,,,369.66,4.5
2026-01-15 01:00:00,,,26.62,1.77,0.07,0.26,16.57,,3.84,30.27,23.87,88.35,,,368.63,4.41
2026-01-15 02:00:00,,,25.88,1.78,0.09,0.11,16.61,,3.88,29.46,24.71,88.24,,,367.82,4.25
2026-01-15 03:00:00,,,25.68,1.8,0.1,0.08,16.81,,3.72,29.8,24.3,88.27,,,367.99,4.46
2026-01-15 04:00:00,,,25.69,1.78,0.07,0.07,16.75,,3.69,30.6,29.63,88.47,,,367.33,4.44
2026-01-15 05:00:00,,,25.75,1.74,0.12,0.09,16.7,,3.67,29.28,26.5,76.17,,,365.5,4.47
2026-01-15 06:00:00,,,26.31,0.77,0.09,0.06,16.68,,3.51,28.73,26.45,70.14,,,364.56,3.69
2026-01-15 07:00:00,,,29.13,0.63,0.07,0.07,16.74,,5.28,36.01,55.4,82.81,,,364.11,3.43
2026-01-15 08:00:00,,,34.56,0.61,0.12,0.5,15.9,,10.7,60.47,68.7,75.8,,,372.2,3.16
2026-01-15 09:00:00,,,36.63,0.61,0.2,0.61,17.19,,12.39,60.83,67.08,77.8,,,372.91,3.0
2026-01-15 10:00:00,,,41.18,0.6,0.33,0.62,16.81,,12.58,59.52,74.08,76.71,,,376.0,3.38
2026-01-15 11:00:00,,,41.69,0.61,0.22,0.62,16.71,,13.15,61.56,71.49,76.8,,,374.23,4.03
2026-01-15 12:00:00,,,40.19,0.61,0.12,0.62,16.9,,11.7,52.11,70.01,76.39,,,376.22,3.0
2026-01-15 13:00:00,,,41.5,0.63,0.18,0.65,17.46,,13.41,54.19,66.8,76.44,,,372.83,3.06
2026-01-15 14:00:00,,,44.69,0.59,0.25,0.76,16.67,,14.48,54.99,62.64,80.24,,,378.47,3.4
2026-01-15 15:00:00,,,44.31,0.62,0.17,0.68,17.49,,13.88,57.42,65.13,82.12,,,379.83,4.23
2026-01-15 16:00:00,,,43.44,0.76,0.12,0.4,16.97,,12.57,54.89,57.06,80.36,,,378.17,3.9
2026-01-15 17:00:00,,,40.62,1.6,0.07,0.05,16.66,,11.42,50.0,40.33,85.96,,,375.93,4.69
2026-01-15 18:00:00,,,36.81,1.8,0.06,0.05,17.91,,7.32,38.83,36.25,88.7,,,369.32,4.66
2026-01-15 19:00:00,,,33.13,1.82,0.09,0.05,16.38,,5.3,33.61,31.37,79.16,,,369.06,4.5
2026-01-15 20:00:00,,,32.69,1.77,0.07,0.06,16.88,,4.8,32.45,28.65,67.47,,,368.27,4.87
2026-01-15 21:00:00,,,31.5,1.8,0.08,0.05,16.59,,4.66,30.23,25.65,82.72,,,368.42,4.69
2026-01-15 22:00:00,,,29.06,1.79,0.07,0.05,16.44,,3.58,30.24,25.1,70.0,,,368.18,4.96
2026-01-15 23:00:00,,,27.62,1.8,0.08,0.05,16.89,,3.4,29.91,24.93,67.57,,,368.55,4.66
2026-01-16 00:00:00,,,26.88,1.8,0.07,0.05,16.22,,3.08,30.07,24.67,67.59,,,368.47,4.4
2026-01-16 01:00:00,,,26.31,1.79,0.07,0.05,17.12,,3.25,30.72,25.23,67.0,,,368.34,4.45
2026-01-16 02:00:00,,,25.88,1.77,0.08,0.05,16.09,,3.19,29.1,25.1,67.75,,,369.39,4.4
2026-01-16 03:00:00,,,26.12,1.84,0.07,0.05,17.26,,3.31,30.76,24.98,67.39,,,368.85,4.72
2026-01-16 04:00:00,,,26.25,1.79,0.08,0.05,16.24,,3.35,30.32,29.67,67.67,,,367.98,4.56
2026-01-16 05:00:00,,,25.75,1.72,0.07,0.05,17.13,,3.49,29.62,26.44,67.85,,,369.44,4.44
2026-01-16 06:00:00,,,26.75,0.78,0.07,0.05,16.11,,3.41,28.74,28.92,70.86,,,364.52,4.03
2026-01-16 07:00:00,,,30.13,0.61,0.08,0.05,17.32,,4.94,36.9,54.69,56.71,,,366.46,3.59
2026-01-16 08:00:00,,,34.5,0.6,0.09,0.46,16.74,,11.25,59.68,57.26,49.8,,,371.44,3.85
2026-01-16 09:00:00,,,36.37,0.64,0.13,0.63,16.71,,13.26,56.76,64.83,57.15,,,374.75,3.28
2026-01-16 10:00:00,,,39.44,0.62,0.21,0.71,16.63,,13.18,55.91,64.12,54.65,,,378.08,3.72
2026-01-16 11:00:00,,,40.5,0.6,0.21,0.53,16.61,,13.75,56.35,64.09,54.99,,,381.67,3.75
2026-01-16 12:00:00,,,38.69,0.61,0.3,0.61,16.67,,12.22,48.29,65.76,54.25,,,375.1,3.5
2026-01-16 13:00:00,,,39.5,0.61,0.31,0.48,16.63,,12.88,50.55,65.32,53.83,,,379.07,3.59
2026-01-16 14:00:00,,,43.25,0.61,0.26,0.34,16.73,,13.83,54.42,64.18,55.42,,,381.22,4.79
2026-01-16 15:00:00,,,44.12,0.62,0.14,0.41,16.7,,13.23,57.12,63.31,54.42,,,383.86,5.0
2026-01-16 16:00:00,,,44.31,0.76,0.09,0.28,16.64,,12.24,54.08,63.35,55.91,,,376.64,5.25
2026-01-16 17:00:00,1.97,12.49,39.88,1.6,0.09,0.04,16.61,,9.63,45.91,44.41,63.04,,,366.82,6.03
2026-01-16 18:00:00,,,36.37,1.81,0.07,0.05,16.6,,7.62,36.22,24.86,66.94,,,373.64,6.0
2026-01-16 19:00:00,,,32.25,1.82,0.07,0.06,16.58,,6.11,32.81,22.44,67.73,,,370.92,5.12
2026-01-16 20:00:00,0.85,10.82,30.75,1.77,0.07,0.05,16.57,,5.31,31.88,21.59,68.17,,,371.04,5.41
2026-01-16 21:00:00,0.84,10.66,29.19,1.8,0.07,0.05,16.49,,4.84,32.16,21.81,67.9,,,367.5,5.31
2026-01-16 22:00:00,0.78,10.52,28.19,1.79,0.08,0.06,16.55,,3.8,29.98,21.51,68.47,,,368.65,5.41
2026-01-16 23:00:00,0.85,9.92,27.56,1.77,0.07,0.04,16.45,,3.71,29.04,21.29,68.11,,,367.1,5.09
2026-01-17 00:00:00,0.84,9.58,26.69,1.8,0.08,0.05,16.59,,3.56,28.99,19.76,68.58,,,367.5,4.4
2026-01-17 01:00:00,0.82,9.58,27.06,1.78,0.08,0.05,16.47,,3.49,28.93,20.76,68.23,,,367.57,4.63
2026-01-17 02:00:00,0.78,10.18,26.69,1.78,0.09,0.05,16.58,,3.61,29.12,20.65,68.53,,,368.79,4.62
2026-01-17 03:00:00,0.84,9.81,26.87,1.84,0.06,0.05,16.65,,3.61,29.38,21.25,68.0,,,366.38,4.57
2026-01-17 04:00:00,0.78,9.12,26.44,1.78,0.07,0.05,16.64,,3.49,30.31,25.63,68.29,,,367.25,4.56
2026-01-17 05:00:00,0.84,9.81,26.13,1.71,0.09,0.05,16.48,,3.09,28.44,22.62,68.48,,,366.31,4.6
2026-01-17 06:00:00,0.85,9.38,27.18,0.8,0.06,0.05,16.41,,2.6,27.57,24.13,71.36,,,365.13,4.22
2026-01-17 07:00:00,0.84,8.68,27.19,0.6,0.09,0.05,16.15,,2.62,28.22,28.38,71.15,,,364.37,3.56
2026-01-17 08:00:00,3.72,10.25,27.5,0.59,0.08,0.04,16.84,,2.98,29.04,35.82,71.31,,,361.38,3.62
2026-01-17 09:00:00,7.41,12.83,28.25,0.64,0.08,0.05,17.54,,2.84,29.86,34.47,71.12,,,362.15,3.56
2026-01-17 10:00:00,7.4,13.02,30.13,0.59,0.07,0.04,16.89,,3.11,29.2,35.6,71.12,,,362.57,3.44
2026-01-17 11:00:00,7.41,12.95,30.0,0.6,0.07,0.05,16.97,,3.19,29.48,33.51,79.01,,,362.71,3.72
2026-01-17 12:00:00,7.35,13.02,29.81,0.61,0.08,0.04,16.92,,3.09,29.31,31.44,92.31,,,365.35,3.84
2026-01-17 13:00:00,7.4,12.93,30.19,0.62,0.07,0.05,17.1,,2.98,29.4,30.8,92.21,,,368.72,3.69
2026-01-17 14:00:00,7.35,13.18,31.5,0.6,0.08,0.05,16.92,,3.08,29.07,30.93,91.71,,,371.12,3.6
2026-01-17 15:00:00,7.37,13.6,31.56,0.62,0.07,0.04,16.91,,2.93,28.25,30.54,76.75,,,371.41,3.37
2026-01-17 16:00:00,7.21,12.98,31.06,0.74,0.08,0.05,16.8,,2.76,27.99,28.78,71.08,,,365.65,3.63
2026-01-17 17:00:00,0.79,10.11,31.44,1.6,0.07,0.05,16.79,,3.53,29.4,22.31,69.84,,,364.69,4.37
2026-01-17 18:00:00,0.78,9.42,31.94,1.83,0.07,0.05,16.62,,3.73,29.3,23.06,67.85,,,365.0,4.19
2026-01-17 19:00:00,0.85,9.89,29.31,1.77,0.08,0.05,16.69,,3.68,29.31,22.69,67.81,,,361.81,4.37
2026-01-17 20:00:00,0.78,9.69,28.87,1.79,0.07,0.05,16.61,,3.72,29.18,21.62,68.12,,,361.22,4.5
2026-01-17 21:00:00,0.84,9.68,28.19,1.83,0.08,0.05,16.65,,3.76,29.06,22.28,68.13,,,361.47,4.28
2026-01-17 22:00:00,0.78,8.96,27.56,1.77,0.07,0.05,16.55,,3.71,28.95,22.15,68.25,,,361.78,4.38
2026-01-17 23:00:00,0.78,9.18,27.0,1.79,0.07,0.05,16.57,,3.62,29.09,21.78,68.18,,,360.94,4.87
2026-01-18 00:00:00,,,,,,,,,,,,,,,,
2026-01-18 01:00:00,,,,,,,,,,,,,,,,
2026-01-18 02:00:00,,,,,,,,,,,,,,,,
2026-01-18 03:00:00,,,,,,,,,,,,,,,,
2026-01-18 04:00:00,,,,,,,,,,,,,,,,
2026-01-18 05:00:00,,,,,,,,,,,,,,,,
2026-01-18 06:00:00,,,,,,,,,,,,,,,,
2026-01-18 07:00:00,,,,,,,,,,,,,,,,
2026-01-18 08:00:00,,,,,,,,,,,,,,,,
2026-01-18 09:00:00,,,,,,,,,,,,,,,,
2026-01-18 10:00:00,,,,,,,,,,,,,,,,
2026-01-18 11:00:00,,,,,,,,,,,,,,,,
2026-01-18 12:00:00,,,,,,,,,,,,,,,,
2026-01-18 13:00:00,,,,,,,,,,,,,,,,
2026-01-18 14:00:00,,,,,,,,,,,,,,,,
